<?xml version="1.0" encoding="UTF-8" ?>
<!DOCTYPE mapper
    PUBLIC "-//mybatis.org//DTD Mapper 3.0//EN"
    "https://mybatis.org/dtd/mybatis-3-mapper.dtd">

<mapper namespace="com.boot.dao.FreeboardDAO">


<insert id="insertFreeboard" parameterType="FreeboardDTO">
	INSERT INTO FREEBOARD (ID, TITLE, CONTENT, WRITER)
	VALUES (FREEBOARD_SEQ.NEXTVAL, #{title}, #{content}, #{writer})
</insert>

<select id ="getAllFreeboard" resultType="FreeboardDTO">
	SELECT * FROM FREEBOARD ORDER BY ID DESC
</select> 

<select id="getFreeboardById" parameterType="long" resultType="FreeboardDTO">
	SELECT * FROM FREEBOARD WHERE ID = #{id}
</select>

<!--댓글기능-->
<insert id="insertComment" parameterType="CommentDTO">
	INSERT INTO COMMENTS(ID, BOARD_ID WRITER, CONTENT)
	VALUES (COMMENT_SEQ.NEXTVAL, #{boardId}, #{writer} , #{content})
</insert>

<select id="getCommentByBoardId" parameterType="long" resultType="CommentDTO">
	SELECT * FROM COMMENTS WHERE BOARD_ID = #{boardId} ORDER BY CREATE_AT ASC
</select>

<delete id="deleteComment" parameterType="long">
	DELETE FROM COMMENTS WHERE ID = #{id}
</delete>

</mapper>