<?xml version="1.0" encoding="UTF-8" ?>
<!DOCTYPE mapper
    PUBLIC "-//mybatis.org//DTD Mapper 3.0//EN"
    "https://mybatis.org/dtd/mybatis-3-mapper.dtd">

<mapper namespace="com.boot.dao.AnnounceDAO">

    <insert id="write">
    		insert into announce(
					id,title,countent, create_at
				) values (
					announce_seq.NEXTVAL, #{title},#{content}, SYSDATE
				)
    </insert>
    
    <select id="getAllAnnounce" resultType="com.boot.dto.AnnounceDTO">
        SELECT * FROM announce ORDER BY id DESC
    </select>

	
	    <!-- ✅ 단일 펫 조회 -->
    <select id="getAnnounceById" parameterType="int" resultType="com.boot.dto.AnnounceDTO">
        SELECT * FROM pet WHERE id = #{id}
    </select>
    
	<update id="updateAnnounce" parameterType="com.boot.dto.AnnounceDTO">
		UPDATE announce
		SET title = #{title},
			content = #{content},
			create_at = #{create_at}
		WHERE id = #{id}
	</update>
	
	<delete id ="deleteAnnounce" parameterType="int">
		DELETE FROM announce WHERE id = #{id}
	</delete>

</mapper>