<!DOCTYPE mapper
  PUBLIC "-//mybatis.org//DTD Mapper 3.0//EN"
  "https://mybatis.org/dtd/mybatis-3-mapper.dtd">

<mapper namespace="com.boot.dao.FaqannDAO">

  <!-- 공통 검색 조건: ANNOUNCE -->
  <sql id="criteria">
    <where>
      <if test='type == "T" and keyword != null and keyword != ""'>
        AND title LIKE '%' || #{keyword} || '%'
      </if>
      <if test='type == "C" and keyword != null and keyword != ""'>
        AND content LIKE '%' || #{keyword} || '%'
      </if>
      <if test='(type == null or type == "") and keyword != null and keyword != ""'>
        AND (title LIKE '%' || #{keyword} || '%' OR content LIKE '%' || #{keyword} || '%')
      </if>
    </where>
  </sql>

  <!-- 공통 검색 조건: FAQ -->
  <sql id="criteria_notice">
    <where>
      <if test='type == "T" and keyword != null and keyword != ""'>
        AND question LIKE '%' || #{keyword} || '%'
      </if>
      <if test='type == "C" and keyword != null and keyword != ""'>
        AND answer LIKE '%' || #{keyword} || '%'
      </if>
      <if test='(type == null or type == "") and keyword != null and keyword != ""'>
        AND (question LIKE '%' || #{keyword} || '%' OR answer LIKE '%' || #{keyword} || '%')
      </if>
    </where>
  </sql>

  <!-- 공지사항 등록 (ID는 트리거로 자동 생성, created_at도 자동) -->
  <insert id="announce_write_ok" parameterType="com.boot.dto.AnnounceDTO">
    INSERT INTO announce (title, content)
    VALUES (#{title}, #{content})
  </insert>

  <!-- FAQ 등록 -->
  <insert id="notice_write_ok" parameterType="com.boot.dto.FaqsDTO">
    INSERT INTO faqs (question, answer)
    VALUES (#{question}, #{answer})
  </insert>

  <!-- 공지사항 페이징 리스트 -->
  <select id="announcelistWithPaging" resultType="com.boot.dto.AnnounceDTO">
    SELECT id, title, content, created_at
    FROM announce
    <include refid="criteria"/>
    ORDER BY id DESC
    OFFSET (#{pageNum} - 1) * #{amount} ROWS
    FETCH NEXT #{amount} ROWS ONLY
  </select>

  <!-- 공지사항 총 개수 -->
  <select id="announcegetTotalCount" resultType="int">
    SELECT COUNT(*) FROM announce
    <include refid="criteria"/>
  </select>

  <!-- FAQ 페이징 리스트 -->
  <select id="noticelistWithPaging" resultType="com.boot.dto.FaqsDTO">
    SELECT id, question, answer, created_at
    FROM faqs
    <include refid="criteria_notice"/>
    ORDER BY id DESC
    OFFSET (#{pageNum} - 1) * #{amount} ROWS
    FETCH NEXT #{amount} ROWS ONLY
  </select>

  <!-- FAQ 총 개수 -->
  <select id="noticegetTotalCount" resultType="int">
    SELECT COUNT(*) FROM faqs
    <include refid="criteria_notice"/>
  </select>

  <!-- 공지사항 상세보기 -->
  <select id="announce_view" resultType="com.boot.dto.AnnounceDTO">
    SELECT id, title, content, created_at
    FROM announce
    WHERE id = #{id}
  </select>

</mapper>
