<?xml version="1.0" encoding="UTF-8" ?>
<!DOCTYPE mapper
    PUBLIC "-//mybatis.org//DTD Mapper 3.0//EN"
    "https://mybatis.org/dtd/mybatis-3-mapper.dtd">

<mapper namespace="com.boot.dao.UserDAO">

    <insert id="write" parameterType="hashmap"> INSERT INTO users(user_id, password, user_name, nickname, phone_number, email, address) VALUES (#{user_id}, #{password}, #{user_name}, #{nickname}, #{phone_number}, #{email}, #{address}) </insert>
<insert id="insertKakaoUser" parameterType="com.boot.dto.UserDTO"> INSERT INTO users (user_id, password, nickname, user_name, email) VALUES (#{user_id}, #{password}, #{nickname}, #{user_name}, #{email}) </insert>
<!--  ✅ 수정된 로그인 쿼리  -->
<select id="loginYn" resultType="com.boot.dto.UserDTO"> SELECT * FROM users WHERE user_id = #{user_id} </select>
<select id="getUserInfo" parameterType="string" resultType="com.boot.dto.UserDTO"> SELECT * FROM users WHERE user_id = #{user_id} </select>
<select id="idCheck" parameterType="string" resultType="int"> SELECT COUNT(*) FROM users WHERE user_id = #{user_id} </select>
<select id="nickCheck" parameterType="string" resultType="int"> SELECT COUNT(*) FROM users WHERE nickname = #{nick} </select>
<update id="updateUserInfo" parameterType="com.boot.dto.UserDTO"> UPDATE users SET user_name = #{user_name}, phone_number = #{phone_number}, email = #{email}, address = #{address}, nickname = #{nickname} WHERE user_id = #{user_id} </update>
<delete id="deleteUser" parameterType="String"> DELETE FROM users WHERE user_id = #{userId} </delete>
	
	<!--test-->
	<select id="getAllUsers" resultType="com.boot.dto.UserDTO">
		SELECT user_id, user_name, email, phone_number, address, nickname
        FROM users
        <where>
            <if test="searchType == 'user_id' and searchKeyword != null and searchKeyword != ''">
                user_id LIKE '%' || #{searchKeyword} || '%'
            </if>
            <if test="searchType == 'user_name' and searchKeyword != null and searchKeyword != ''">
                user_name LIKE '%' || #{searchKeyword} || '%'
            </if>
        </where>
        <if test="sortField != null and sortField != ''">
        	ORDER BY ${sortField} ${sortOrder}
		</if>
		<if test="sortField == null or sortField == ''">
		    ORDER BY user_id
		</if>
	</select>
	
</mapper>