<?xml version="1.0" encoding="UTF-8" ?>
<!DOCTYPE mapper
    PUBLIC "-//mybatis.org//DTD Mapper 3.0//EN"
    "https://mybatis.org/dtd/mybatis-3-mapper.dtd">

<mapper namespace="com.boot.dao.AnnounceDAO">

    <insert id="insertAnnounce">
    		insert into announce(
					id,title,content
				) values (
					announce_seq.NEXTVAL, #{title},#{content}
				)
    </insert>
    
    <select id="getAllAnnounce" resultType="com.boot.dto.AnnounceDTO">
        SELECT id,title,content,created_at
         FROM announce ORDER BY id DESC
    </select>


    <select id="getAnnounceById" parameterType="int" resultType="com.boot.dto.AnnounceDTO">
        SELECT * FROM announce WHERE id = #{id}
    </select>
    
	<update id="updateAnnounce" parameterType="com.boot.dto.AnnounceDTO">
		UPDATE announce
		SET title = #{title},
			content = #{content}
		WHERE id = #{id}
	</update>
	
	<delete id ="deleteAnnounce" parameterType="int">
		DELETE FROM announce WHERE id = #{id}
	</delete>

</mapper>